DROP DATABASE IF EXISTS db_sim;
CREATE DATABASE db_sim;
USE db_sim;

CREATE TABLE jurusan (
    id_jurusan INT PRIMARY KEY,
    nama_jurusan VARCHAR(50)
);

CREATE TABLE user (
    id_user VARCHAR(10) PRIMARY KEY,
    id_jurusan INT,
    nama_user VARCHAR(50),
    email_user VARCHAR(50),
    nmrtlp CHAR(12),
    role_user SMALLINT,
    user_username VARCHAR(30),
    user_password VARCHAR(255),
    user_added_date DATE,
    FOREIGN KEY (id_jurusan) REFERENCES jurusan(id_jurusan)
);

CREATE TABLE matkul (
    id_matkul VARCHAR(5) PRIMARY KEY,
    nama_matkul VARCHAR(75),
    id_jurusan INT,
    sks_matkul SMALLINT,
    sms_matkul SMALLINT,
    FOREIGN KEY (id_jurusan) REFERENCES jurusan(id_jurusan)
);

CREATE TABLE pengumuman (
    id_pengumuman CHAR(6) PRIMARY KEY,
    judul_pengumuman VARCHAR(255),
    isi_pengumuman VARCHAR(255),
    pengumuman_added_date DATE
);

CREATE TABLE poins (
    id_acara CHAR(6) PRIMARY KEY,
    nama_acara VARCHAR(255),
    tipe_acara SMALLINT,
    jml_poin INT,
    poin_added_date DATE
);

CREATE TABLE matkul_diambil_mhs (
    id_matkul_diambil_mhs VARCHAR(10) PRIMARY KEY,
    id_matkul VARCHAR(5),
    id_user VARCHAR(10),
    FOREIGN KEY (id_matkul) REFERENCES matkul(id_matkul),
    FOREIGN KEY (id_user) REFERENCES user(id_user)
);

CREATE TABLE matkul_diambil_dosen (
    id_matkul_diambil_dsn VARCHAR(10) PRIMARY KEY,
    id_matkul VARCHAR(5),
    id_user VARCHAR(10),
    FOREIGN KEY (id_matkul) REFERENCES matkul(id_matkul),
    FOREIGN KEY (id_user) REFERENCES user(id_user)
);

CREATE TABLE nilai (
    id_nilai VARCHAR(10) PRIMARY KEY,
    id_user VARCHAR(10),
    id_matkul VARCHAR(5),
    nilai_uts SMALLINT,
    nilai_uas SMALLINT,
    nilai_akhir SMALLINT,
    FOREIGN KEY (id_user) REFERENCES user(id_user),
    FOREIGN KEY (id_matkul) REFERENCES matkul(id_matkul)
);

CREATE TABLE file (
    id_file VARCHAR(5) PRIMARY KEY,
    nama_file VARCHAR(255),
    isi_file VARCHAR(255)
);

CREATE TABLE penerima_poin (
    id_pp VARCHAR(5) PRIMARY KEY,
    id_penerima VARCHAR(10),
    id_acara CHAR(6),
    FOREIGN KEY (id_penerima) REFERENCES user(id_user),
    FOREIGN KEY (id_acara) REFERENCES poins(id_acara)
);

INSERT INTO jurusan (id_jurusan, nama_jurusan)
VALUES
    (11, 'Informatika'),
    (17, 'Desain Komunikasi Visual'),
    (18, 'Sistem Informasi Bisnis');

INSERT INTO user (id_user, id_jurusan, nama_user, email_user, nmrtlp, role_user, user_username, user_password, user_added_date)
VALUES 
    ('MHSINF0001', 11, 'Michael Setiabudi', 'michael.s22@mhs.istts.ac.id', 082196236711, 0, '222117045', '$2y$12$SrnkHQp5oHG5RSE6PlWWzOAjaSSOoU6WJ1yh.fGlDfS2LFuZ9lxpS', '2022-06-30'),
    ('MHSINF0002', 11, 'Michaell Ezekial', 'michaell.e22@mhs.istts.ac.id', 081332075758, 0, '222117047', '$2y$12$SrnkHQp5oHG5RSE6PlWWzOAjaSSOoU6WJ1yh.fGlDfS2LFuZ9lxpS', '2022-06-30'),
    ('MHSINF0003', 11, 'Kelun Kaka Santoso', 'kelun.k22@mhs.istts.ac.id', 085172182144, 0, '222117039', '$2y$12$SrnkHQp5oHG5RSE6PlWWzOAjaSSOoU6WJ1yh.fGlDfS2LFuZ9lxpS', '2022-06-30'),
    ('MHSINF0004', 11, 'Yoga Pramana Syahputra Teguh', 'yoga.p22@mhs.istts.ac.id', 081380471118, 0, '222117068', '$2y$12$SrnkHQp5oHG5RSE6PlWWzOAjaSSOoU6WJ1yh.fGlDfS2LFuZ9lxpS', '2022-06-30'),
    ('MHSDKV0001', 17, 'Dahren Ericsson', 'dahren.e23@mhs.istts.ac.id', 087750999479, 0, '223172098', '$2y$12$SrnkHQp5oHG5RSE6PlWWzOAjaSSOoU6WJ1yh.fGlDfS2LFuZ9lxpS', '2023-06-30'),
    ('MHSSIB0001', 18, 'Ivan Santoso', 'ivan.s21@mhs.istts.ac.id', 087853999381, 0, '221180185', '$2y$12$SrnkHQp5oHG5RSE6PlWWzOAjaSSOoU6WJ1yh.fGlDfS2LFuZ9lxpS', '2021-06-30'),
    ('DSNINF0001', 11, 'Ir. Edwin Pramana, M.AppSc., Ph.D.', 'epramana@stts.edu', 081232576313, 1, 'edwin', '$2y$12$SrnkHQp5oHG5RSE6PlWWzOAjaSSOoU6WJ1yh.fGlDfS2LFuZ9lxpS', '1998-06-30'),
    ('DSNINF0002', 11, 'Dr. Yosi Kristian, S.Kom. M.Kom.', 'yosi@stts.edu', 081553779876, 1, 'yosi', '$2y$12$SrnkHQp5oHG5RSE6PlWWzOAjaSSOoU6WJ1yh.fGlDfS2LFuZ9lxpS', '2004-06-30'),
    ('DSNINF0003', 11, 'Dr. Ir. Esther Irawati Setiawan, S.Kom, M.Kom', 'esther@stts.edu', 081492736548, 1, 'esther', '$2y$12$SrnkHQp5oHG5RSE6PlWWzOAjaSSOoU6WJ1yh.fGlDfS2LFuZ9lxpS', '2008-06-30'),
    ('DSNINF0004', 11, 'Reddy Alexandro Harianto, S.Kom., M.Kom.', 'reddy@stts.edu', 081703331113, 1, 'reddy', '$2y$12$SrnkHQp5oHG5RSE6PlWWzOAjaSSOoU6WJ1yh.fGlDfS2LFuZ9lxpS', '2013-06-30'),
    ('DSNINF0005', 11, 'Grace Levina Dewi, S.Kom., M.Kom.', 'grace@stts.edu', 085817263904, 1, 'grace', '$2y$12$SrnkHQp5oHG5RSE6PlWWzOAjaSSOoU6WJ1yh.fGlDfS2LFuZ9lxpS', '2013-06-30'),
    ('DSNINF0006', 11, 'Dr. Ir. Gunawan, M.Kom.', 'gunawan@stts.edu', 082635197482, 1, 'gunawan', '$2y$12$SrnkHQp5oHG5RSE6PlWWzOAjaSSOoU6WJ1yh.fGlDfS2LFuZ9lxpS', '1993-06-30'),
    ('DSNINF0007', 11, 'Dr. Ir. Hj. Endang Setyati, M.T.', 'endang@stts.edu', 031729405816, 1, 'endang', '$2y$12$SrnkHQp5oHG5RSE6PlWWzOAjaSSOoU6WJ1yh.fGlDfS2LFuZ9lxpS', '1995-06-30'),
    ('DSNINF0008', 11, 'Dr. Lukman Zaman P.C.S.W., S.Kom., M.Kom.', 'lukman@stts.edu', 082561934027, 1, 'lukman', '$2y$12$SrnkHQp5oHG5RSE6PlWWzOAjaSSOoU6WJ1yh.fGlDfS2LFuZ9lxpS', '1997-06-30'),
    ('DSNINF0009', 11, 'Dr. Ir. Joan Santoso, S.Kom., M.Kom.', 'joan@stts.edu', 082974305186, 1, 'joan', '$2y$12$SrnkHQp5oHG5RSE6PlWWzOAjaSSOoU6WJ1yh.fGlDfS2LFuZ9lxpS', '2016-06-30'),
    ('DSNINF0010', 11, 'Dr. Ir. F.X. Ferdinandus, M.T.', 'ferdinandus@stts.edu', 085897261043, 1, 'ferdinandus', '$2y$12$SrnkHQp5oHG5RSE6PlWWzOAjaSSOoU6WJ1yh.fGlDfS2LFuZ9lxpS', '1997-06-30'),
    ('DSNINF0011', 11, 'Dr. Ir. Herman Budianto, M.M.', 'herman@stts.edu', 082340176925, 1, 'herman', '$2y$12$SrnkHQp5oHG5RSE6PlWWzOAjaSSOoU6WJ1yh.fGlDfS2LFuZ9lxpS', '1993-06-30'),
    ('DSNINF0012', 11, 'Dr. Jenny Ngo, Msc.Ed.', 'jenny@stts.edu', 082176940583, 1, 'jenny', '$2y$12$SrnkHQp5oHG5RSE6PlWWzOAjaSSOoU6WJ1yh.fGlDfS2LFuZ9lxpS', '2015-06-30'),
    ('DSNINF0013', 11, 'Ir. Suhatati Tjandra, M.Kom.', 'suhatati@stts.edu', 030850297364, 1, 'suhatati', '$2y$12$SrnkHQp5oHG5RSE6PlWWzOAjaSSOoU6WJ1yh.fGlDfS2LFuZ9lxpS', '1991-06-30'),
    ('DSNINF0014', 11, 'Ir. Tjwanda Putera Gunawan, MPd.', 'tjwanda@stts.edu', 081463902157, 1, 'tjwanda', '$2y$12$SrnkHQp5oHG5RSE6PlWWzOAjaSSOoU6WJ1yh.fGlDfS2LFuZ9lxpS', '1991-06-30'),
    ('DSNINF0015', 11, 'Yuliana Melita Pranoto, S.Kom. M.Kom.', 'yuliana@stts.edu', 082571349680, 1, 'yuliana', '$2y$12$SrnkHQp5oHG5RSE6PlWWzOAjaSSOoU6WJ1yh.fGlDfS2LFuZ9lxpS', '2002-06-30'),
    ('DSNINF0016', 11, 'Hendrawan Armanto, S.Kom., M.Kom.', 'hendrawan@stts.edu', 085810274936, 1, 'hendrawan', '$2y$12$SrnkHQp5oHG5RSE6PlWWzOAjaSSOoU6WJ1yh.fGlDfS2LFuZ9lxpS', '2014-06-30'),
    ('DSNINF0017', 11, 'Eka Rahayu Setyaningsih, S.Kom., M.Kom.', 'eka@stts.edu', 081725940631, 1, 'eka', '$2y$12$SrnkHQp5oHG5RSE6PlWWzOAjaSSOoU6WJ1yh.fGlDfS2LFuZ9lxpS', '2014-06-30'),
    ('DSNINF0018', 11, 'Ir. Iwan Chandra, S.Kom., M.Kom.', 'iwan@stts.edu', 085843691207, 1, 'iwan', '$2y$12$SrnkHQp5oHG5RSE6PlWWzOAjaSSOoU6WJ1yh.fGlDfS2LFuZ9lxpS', '2013-06-30'),
    ('DSNINF0019', 11, 'Kevin Setiono, S.Kom. M.Kom.', 'kevin@stts.edu', 082197365804, 1, 'kevin', '$2y$12$SrnkHQp5oHG5RSE6PlWWzOAjaSSOoU6WJ1yh.fGlDfS2LFuZ9lxpS', '2017-06-30'),
    ('DSNINF0020', 11, 'Mikhael Setiawan, S.Kom. M.Kom.', 'mikhael@stts.edu', 030582047936, 1, 'mikhael', '$2y$12$SrnkHQp5oHG5RSE6PlWWzOAjaSSOoU6WJ1yh.fGlDfS2LFuZ9lxpS', '2014-06-30'),
    ('DSNINF0021', 11, 'Evan Kusuma Susanto, S.Kom., M.Kom.', 'evan@stts.edu', 081639204857, 1, 'evan', '$2y$12$SrnkHQp5oHG5RSE6PlWWzOAjaSSOoU6WJ1yh.fGlDfS2LFuZ9lxpS', '2019-06-30'),
    ('DSNSIB0001', 18, 'Dr. John Doe, S.Kom., M.Kom.', 'john@stts.edu', '081234567890', 1, 'john', '$2y$12$SrnkHQp5oHG5RSE6PlWWzOAjaSSOoU6WJ1yh.fGlDfS2LFuZ9lxpS', '2015-06-30'),
    ('DSNSIB0002', 18, 'Dr. Jane Smith, S.Kom.', 'jane@stts.edu', '085678901234', 1, 'jane', '$2y$12$SrnkHQp5oHG5RSE6PlWWzOAjaSSOoU6WJ1yh.fGlDfS2LFuZ9lxpS', '2010-06-30'),
    ('DSNSIB0003', 18, 'Ir. Alex Johnson, M.Kom.', 'alex@stts.edu', '087654321098', 1, 'alex', '$2y$12$SrnkHQp5oHG5RSE6PlWWzOAjaSSOoU6WJ1yh.fGlDfS2LFuZ9lxpS', '2018-06-30'),
    ('DSNSIB0004', 18, 'William Thompson, S.Kom., M.Kom', 'william@stts.edu', '081234567891', 1, 'william', '$2y$12$SrnkHQp5oHG5RSE6PlWWzOAjaSSOoU6WJ1yh.fGlDfS2LFuZ9lxpS', '2013-06-30'),
    ('DSNSIB0005', 18, 'Dr. Emily Anderson, S.Kom.', 'emily@stts.edu', '085678901235', 1, 'emily', '$2y$12$SrnkHQp5oHG5RSE6PlWWzOAjaSSOoU6WJ1yh.fGlDfS2LFuZ9lxpS', '2020-06-30'),
    ('DSNSIB0006', 18, 'Dr. Ir. Lucas Garcia, S.Kom., M.Kom.', 'lucas@stts.edu', '087654321099', 1, 'lucas', '$2y$12$SrnkHQp5oHG5RSE6PlWWzOAjaSSOoU6WJ1yh.fGlDfS2LFuZ9lxpS', '2012-06-30'),
    ('DSNSIB0007', 18, 'Dr. Ir. Robert Hill, S.Kom., M.Kom.', 'robert@stts.edu', '081234567893', 1, 'robert', '$2y$12$SrnkHQp5oHG5RSE6PlWWzOAjaSSOoU6WJ1yh.fGlDfS2LFuZ9lxpS', '2014-06-30'),
    ('DSNSIB0008', 18, 'Dr. Ir. Natalie Reed, S.Kom., M.Kom.', 'natalie@stts.edu', '085678901237', 1, 'natalie', '$2y$12$SrnkHQp5oHG5RSE6PlWWzOAjaSSOoU6WJ1yh.fGlDfS2LFuZ9lxpS', '2021-06-30'),
    ('DSNSIB0009', 18, 'Dr. Benjamin Parker, S.Kom., M.Kom.', 'benjamin@stts.edu', '087654321101', 1, 'benjamin', '$2y$12$SrnkHQp5oHG5RSE6PlWWzOAjaSSOoU6WJ1yh.fGlDfS2LFuZ9lxpS', '2020-06-30'),
    ('DSNDKV0001', 17, 'Michael Brown, S.Des., M.Des.', 'michael@stts.edu', '081234567890', 1, 'michaelb', '$2y$12$SrnkHQp5oHG5RSE6PlWWzOAjaSSOoU6WJ1yh.fGlDfS2LFuZ9lxpS', '2013-06-30'),
    ('DSNDKV0002', 17, 'Olivia Davis, S.Des., M.Des.', 'olivia@stts.edu', '085678901234', 1, 'olivia', '$2y$12$SrnkHQp5oHG5RSE6PlWWzOAjaSSOoU6WJ1yh.fGlDfS2LFuZ9lxpS', '2017-06-30'),
    ('DSNDKV0003', 17, 'Sophia Wilson, S.Des., M.Des.', 'sophia@stts.edu', '087654321098', 1, 'sophia', '$2y$12$SrnkHQp5oHG5RSE6PlWWzOAjaSSOoU6WJ1yh.fGlDfS2LFuZ9lxpS', '2010-06-30'),
    ('DSNDKV0004', 17, 'Chloe Clark, S.Des., M.Des.', 'chloe@stts.edu', '081234567892', 1, 'chloe', '$2y$12$SrnkHQp5oHG5RSE6PlWWzOAjaSSOoU6WJ1yh.fGlDfS2LFuZ9lxpS', '2011-06-30'),
    ('DSNDKV0005', 17, 'Ethan Baker, S.Des., M.Des.', 'ethan@stts.edu', '085678901236', 1, 'ethan', '$2y$12$SrnkHQp5oHG5RSE6PlWWzOAjaSSOoU6WJ1yh.fGlDfS2LFuZ9lxpS', '2010-06-30'),
    ('DSNDKV0006', 17, 'Mia Wright, S.Des., M.Des.', 'mia@stts.edu', '087654321100', 1, 'mia', '$2y$12$SrnkHQp5oHG5RSE6PlWWzOAjaSSOoU6WJ1yh.fGlDfS2LFuZ9lxpS', '2022-06-30'),
    ('DSNDKV0007', 17, 'Lily Cooper, S. Des., M. Des.', 'lily@stts.edu', '081234567894', 1, 'lily', '$2y$12$SrnkHQp5oHG5RSE6PlWWzOAjaSSOoU6WJ1yh.fGlDfS2LFuZ9lxpS', '2018-06-30'),
    ('DSNDKV0008', 17, 'Samuel Morgan, S. Des., M. Des.', 'samuel@stts.edu', '085678901238', 1, 'samuel', '$2y$12$SrnkHQp5oHG5RSE6PlWWzOAjaSSOoU6WJ1yh.fGlDfS2LFuZ9lxpS', '2019-06-30'),
    ('DSNDKV0009', 17, 'Victoria Hayes, S. Des., M. Des.', 'victoria@stts.edu', '087654321102', 1, 'victoria', '$2y$12$SrnkHQp5oHG5RSE6PlWWzOAjaSSOoU6WJ1yh.fGlDfS2LFuZ9lxpS', '2016-06-30'),
    ('ADMINADMIN', 15, 'Admin', 'admin@admin.admin', '123456789012', 2, 'admin', "$2y$12$6t20IW9RFHPco4REhMdVPetdBDB2FFL19MGvEua41sbrvZZQufZQO", '1978-06-30');

INSERT INTO matkul (id_matkul, nama_matkul, id_jurusan, sks_matkul, sms_matkul)
VALUES
    (1, 'Rupa Dasar', '17', 3, 1),
    (2, 'Pengantar Studi DKV', '17', 3, 1),
    (3, 'Komputer Aplikasi', '17', 3, 1),
    (4, 'Fotografi Dasar', '17', 3, 1),
    (5, 'Dasar Teknik Menggambar', '17', 2, 1),
    (6, 'Bahasa Indonesia', '17', 2, 1),
    (7, 'Teknik Presentasi', '17', 2, 1),
    (8, 'Komputer Aplikasi', '17', 3, 1),
    (9, 'Konsep Visual', '17', 3, 2),
    (10, 'Estetika & Tinjauan Desain', '17', 3, 2),
    (11, 'Tipografi', '17', 3, 2),
    (12, 'Fotografi Aplikatif', '17', 3, 2),
    (13, 'Menggambar Figur', '17', 3, 2),
    (14, 'Sejarah Seni Rupa', '17', 3, 2),
    (15, 'Komunikasi Visual', '17', 3, 3),
    (16, 'Komunikasi Visual Aplikatif', '17', 3, 3),
    (17, 'Teknik Modeling 3D', '17', 3, 3),
    (18, 'Proses Produksi Grafika', '17', 3, 3),
    (19, 'Desain Grafis', '17', 3, 3),
    (20, 'Ilustrasi', '17', 3, 3),
    (21, 'Bahasa Inggris', '17', 3, 3),
    (22, 'Strategi Medis', '17', 3, 4),
    (23, 'Strategi Media Aplikatif', '17', 3, 4),
    (24, 'Animasi 3D', '17', 3, 4),
    (25, 'Audio Visual', '17', 3, 4),
    (26, 'Ilustrasi Tematik', '17', 3, 4),
    (27, 'Generative Art', '17', 3, 4),
    (28, 'Pemasaran Terpadu', '17', 3, 5),
    (29, 'Pemasaran Terpadu Aplikatif', '17', 3, 5),
    (30, 'Metodologi Desain', '17', 3, 5),
    (31, 'Audio Visual Aplikatif', '17', 3, 5),
    (32, 'Pancasila', '17', 2, 5),
    (33, 'Desain Web', '17', 3, 5),
    (34, 'Manejemen DKV', '17', 3, 6),
    (35, 'Portofolio', '17', 3, 6),
    (36, 'Kapita Selecta', '17', 3, 6),
    (37, 'Etika Profesi', '17', 3, 6),
    (38, 'Kewirausahaan', '17', 3, 6),
    (39, 'Desain Media Interaktif', '17', 3, 6),
    (40, 'Pendidikan Kewarganegaraan', '17', 2, 6),
    (41, 'Algoritma dan Pemrograman', '18', 3, 1),
    (42, 'ICT Global Trend', '18', 3, 1),
    (43, 'Matematika Bisnis', '18', 3, 1),
    (44, 'Pengantar Bisnis', '18', 3, 1),
    (45, 'Teknologi Multimedia', '18', 3, 1),
    (46, 'Paperless Office', '18', 3, 1),
    (47, 'Pemrograman Berorientasi Objek', '18', 3, 2),
    (48, 'Pemrograman Web', '18', 3, 2),
    (49, 'Interaksi Manusia dan Komputer', '18', 3, 2),
    (50, 'Akuntansi', '18', 3, 2),
    (51, 'Creative Design', '18', 3, 2),
    (52, 'Manajemen Keuangan', '18', 3, 2),
    (53, 'Struktur Data', '18', 3, 3),
    (54, 'Pemrograman Visual', '18', 3, 3),
    (55, 'Manajemen Basis Data', '18', 3, 3),
    (56, 'Sistem Informasi Manajemen', '18', 3, 3),
    (57, 'Analisa dan Desain Sistem Informasi', '18', 3, 3),
    (58, 'Analisa Investasi', '18', 3, 3),
    (59, 'Bahasa Inggris', '18', 2, 3),
    (60, 'Aplikasi Client Server', '18', 3, 4),
    (61, 'Pengembangan App Bisnis Berbasis Internet', '18', 3, 4),
    (62, 'Proses Bisnis', '18', 3, 4),
    (63, 'Rekayasa Perangkat Lunak', '18', 3, 4),
    (64, 'Agama', '18', 2, 4),
    (65, 'Bahasa Indonesia', '18', 2, 4),
    (66, 'Probabilitas dan Statistik', '18', 3, 4),
    (67, 'Framework Aplikasi Internet', '18', 3, 5),
    (68, 'Jaringan Komputer', '18', 3, 5),
    (69, 'Pemodelan Berorientasi Objek', '18', 3, 5),
    (70, 'Manajemen Proyek Sistem Informasi', '18', 3, 5),
    (71, 'Interactive System Design', '18', 3, 5),
    (72, 'Technopreneurship', '18', 3, 5),
    (73, 'Mobile App Development', '18', 3, 6),
    (74, 'Design Patterns', '18', 3, 6),
    (75, 'Proyek Bisnis', '18', 3, 6),
    (76, 'Kapita Selekta', '18', 3, 6),
    (77, 'Information Technology Infrastructure Library', '18', 3, 6),
    (78, 'Pendidikan Kewarganegaraan', '18', 2, 6),
    (79, 'Algoritma Pemrograman 1', '11', 3, 1),
    (80, 'Introduction to Programming', '11', 3, 1),
    (81, 'Front-End Web Design', '11', 3, 1),
    (82, 'Bahasa Inggris', '11', 3, 1),
    (83, 'Pengantar Teknologi Informasi', '11', 3, 1),
    (84, 'Kalkulus', '11', 3, 1),
    (85, 'Algoritma Pemrograman 2', '11', 3, 2),
    (86, 'Struktur Data', '11', 3, 2),
    (87, 'Pemrograman Berorientasi Objek', '11', 3, 2),
    (88, 'Basis Data', '11', 3, 2),
    (89, 'Interaksi Manusia Komputer', '11', 3, 2),
    (90, 'Aljabar Linear dan Matrix', '11', 3, 2),
    (91, 'Struktur Data Lanjut', '11', 3, 3),
    (92, 'Pemrograman Aplikasi Desktop', '11', 3, 3),
    (93, 'Analisa dan Desain Sistem', '11', 3, 3),
    (94, 'Pengolahan Citra Digital', '11', 3, 3),
    (95, 'Back-End Web Programming', '11', 3, 3),
    (96, 'Matematika Diskrit dan Teori Graf', '11', 3, 3),
    (97, 'Pancasila', '11', 2, 3),
    (98, 'Statika Terapan', '11', 3, 4),
    (99, 'Web Programming Framework', '11', 3, 4),
    (100, 'Analisa dan Desain Sistem Berorientasi Objek', '11', 3, 4),
    (101, 'Grafika Komputer', '11', 3, 4),
    (102, 'Jaringan Komputer', '11', 3, 4),
    (103, 'Sistem Digital', '11', 3, 4),
    (104, 'Agama', '11', 2, 4),
    (105, 'Web Service', '11', 3, 5),
    (106, 'Rekayasa Perangkat Lunak', '11', 3, 5),
    (107, 'Software Development Project', '11', 3, 5),
    (108, 'Software Testing', '11', 3, 5),
    (109, 'Artificial Intelligence', '11', 3, 5),
    (110, 'Arsitektur dan Organisasi Komputer', '11', 3, 5),
    (111, 'Mobile Device Programming', '11', 3, 6),
    (112, 'Sistem Operasi', '11', 3, 6),
    (113, 'Kapita Selekta dan Penulisan Proposal Skripsi', '11', 2, 6),
    (114, 'Machine Learning', '11', 3, 6),
    (115, 'Internet of Things', '11', 3, 6),
    (116, 'Pendidikan Kewarganegaraan', '11', 2, 6),
    (117, 'Bahasa Indonesia', '11', 2, 6);

INSERT INTO pengumuman (id_pengumuman, judul_pengumuman, isi_pengumuman, pengumuman_added_date)
VALUES
    ('PE0001', '[BAA] Pendaftaran Seminar Tugas Akhir-Tesis Periode Desember 2023', 'https://drive.google.com/file/d/1W5qJWCQH6nqhk9z5FQ3E15MPyZRQdI-F/view?usp=sharing', '2023-11-23'),
    ('PE0002', '[BAA] Permintaan Dosen Estetika Poster dan Tata Cara Konsultasi Poster Periode Seminar Desember Gasal 2023/2024', 'https://drive.google.com/file/d/1egoiTT6s727ZrL6T28c4cBAbOSwc2RDZ/view?usp=sharing', '2023-11-21'),
    ('PE0003', '[BAA] Kegiatan Perkuliahan Dalam Rangka Hari Wisuda pada Rabu, 22 November 2023', 'https://drive.google.com/file/d/14dBm696onB-yZHZ8eRVUHYrR6FFNm0rC/view?usp=sharing', '2023-11-21'),
    ('PE0004', 'Kegiatan WISUDA XL ISTTS', 'https://drive.google.com/file/d/1XmIR_7DnLO3m31f2XtiZEQ0FGBKI43l-/view?usp=sharing', '2023-11-20'),
    ('PE0005', 'BERITA DUKA', 'https://drive.google.com/file/d/1x0A2aUbD7Q_j-iYk3DHIZ5Tc5DRbMZoD/view?usp=sharing', '2023-11-17'),
    ('PE0006', 'Ruang Untuk Placement Test ECC 17 November 2023', 'https://drive.google.com/file/d/1X9CoNJ0aq4YnNKzBSENUFbsitdyfJSJA/view?usp=sharing', '2023-11-15'),
    ('PE0007', '[BAA] Pelaksanaan Pra Seminar TA November 2023', 'https://drive.google.com/file/d/1f9Tbrk-6od5UHIgiXqtHIF8XlB2mzakU/view?usp=sharing', '2023-11-10'),
    ('PE0008', '[BAA] Penerbitan SK TA/Thesis Periode Oktober 2023', 'https://drive.google.com/file/d/1GjzAXd1qZJ_yhlxeWcXHYF6B85Ug9ZIQ/view?usp=sharing', '2023-11-07'),
    ('PE0009', 'Pendaftaran Placement Test ECC Periode Gasal 2023/2024', 'https://drive.google.com/file/d/15AGUUKiETbdEKCnj0OWI3UzpTQqKGUUV/view?usp=sharing', '2023-11-06'),
    ('PE0010', '[BAA] Pendaftaran Pra Seminar Periode November 2023', 'https://drive.google.com/file/d/1TIvxBdTg2nqZOHwl_0NxKJNke1eJHIMl/view?usp=sharing', '2023-10-31'),
    ('PE0011', 'BERITA DUKA', 'https://drive.google.com/file/d/12qfQL6c-Cu4DMhyzIK4fcGxyIlnebqMz/view?usp=sharing', '2023-10-18'),
    ('PE0012', 'Daftar Mahasiswa Yang Belum Mengumpulkan Pas Foto KTM', 'https://drive.google.com/file/d/1-s4p5SzT8aBK77p41nwUuYWdJ-_Uq4KP/view?usp=sharing', '2023-10-17'),
    ('PE0013', '[BAA] Jadwal UTS Semester Gasal 2023-2024', 'https://drive.google.com/file/d/10RUDiYohTHNd9AELDv00hEfk4l5MfFEZ/view?usp=sharing', '2023-10-17'),
    ('PE0014', '[BAA] Jadwal Seminar TA/THESIS Oktober 2023', 'https://drive.google.com/file/d/1Se8oNnG96WCUZ-cBHkZ7xkWwDUOdlsPB/view?usp=sharing', '2023-10-17'),
    ('PE0015', 'Pengumuman Kegiatan Wisuda XL 2023', 'https://drive.google.com/file/d/1wg7AjqleAlOnqaFQfASwImgWef-0WWP7/view?usp=sharing', '2023-10-12'),
    ('PE0016', 'Sertifikat ECC (Susulan) Yang Sudah Disahkan Dan Siap Diambil', 'https://drive.google.com/file/d/1xzLevZAE0INCDv8OssNS4WHWhIucgjcU/view?usp=sharing', '2023-10-05'),
    ('PE0017', 'JADWAL SIDANG JUDUL PROPOSAL TUGAS AKHIR D3-SI, S1-INF, S1-SIB, S1-IFM PERIODE OKTOBER 2023', 'https://drive.google.com/file/d/1WvfZV68t2m04KTvhz1Z-8tkuzZZSMjW2/view?usp=sharing', '2023-10-03'),
    ('PE0018', 'Pengumuman Penerimaan Beasiswa Prestasi Semester Gasal 2023-2024', 'https://drive.google.com/file/d/1OAYZE1ibkeYTvmHYzMo2nR9QUVpCiaSR/view?usp=sharing', '2023-10-03'),
    ('PE0019', 'Pengumuman Penerimaan Beasiswa Sosial Ekonomi Semester Gasal 2023-2024', 'https://drive.google.com/file/d/1hN8UNsjZh_4OAL6ziHSw9ewbHQqc24o6/view?usp=sharing', '2023-10-03'),
    ('PE0020', 'Pengumuman Penerimaan Perpanjangan Beasiswa PMB Gasal 2023-2024', 'https://drive.google.com/file/d/1gHVGVyaWt4fupkQ7oLauX4SAnok5hKj4/view?usp=sharing', '2023-10-03'),
    ('PE0021', 'Jadwal Pembelian Kartu UKM Semester Gasal 2023/2024', 'https://drive.google.com/file/d/1xzLevZAE0INCDv8OssNS4WHWhIucgjcU/view?usp=sharing', '2023-09-29'),
    ('PE0022', '[IT] Pembagian Email @mhs.istts.ac.id untuk Maba 2023', 'https://drive.google.com/file/d/16JvSrZcNwPbLfCcF5y0RwJu91DsKvwwn/view?usp=sharing', '2023-09-27'),
    ('PE0023', '[BAA] Daftar NRP Mahasiswa Angkatan 2023', 'https://drive.google.com/file/d/1joSHyVMai7xF0DDNaTrq-_NxhSj-bbYc/view?usp=sharing', '2023-09-27'),
    ('PE0024', '[BAA] Daftar Pengajuan Merdeka Belajar Kampus Merdeka (MBKM) Tahap II untuk Semester Gasal 2023/2024', 'https://drive.google.com/file/d/18EJgQZrYqS2hht_cjsJTo37DVlk4uv8B/view?usp=sharing', '2023-09-26'),
    ('PE0025', '[BAA] Pendaftaran Seminar Tugas Akhir-Tesis Periode Oktober 2023', 'https://drive.google.com/file/d/16NRazOhewNGul1qSkrRYIJSoRl8Sf5Vy/view?usp=sharing', '2023-09-25'),
    ('PE0026', '[BAA] Permintaan Dosen Estetika Poster dan Tata Cara Konsultasi Poster Periode Seminar Oktober Gasal 2023/2024', 'https://drive.google.com/file/d/1LyZ_L3ay8oapyiWPzl1k8xKmJI-P1rvG/view?usp=sharing', '2023-09-25'),
    ('PE0027', '[BAA] Pelaksanaan Pra Seminar TA September 2023', 'https://drive.google.com/file/d/1fMVkiIo0Sf8IhRp2gNpcvJELdMZNMlAs/view?usp=sharing', '2023-09-14'),
    ('PE0028', 'Prosedur Permintaan Ganti Jadwal Kelas ECC', 'https://drive.google.com/file/d/10sjfkqyPc2E1v4oCvyfHycXBIXuqQtjK/view?usp=sharing', '2023-09-08'),
    ('PE0029', 'Sertifikat Tanda Lulus ECC Periode Genap 2022/2023 Siap Diambil', 'https://drive.google.com/file/d/1h9pIgmK6K9usE5AOoc_McaB_2e3v2lL3/view?usp=sharing', '2023-09-08'),
    ('PE0030', '[BAA] Penerbitan SK TA/Thesis Periode Agustus 2023', 'https://drive.google.com/file/d/1q_tkUqj9haxXW2QyiEJSLONLb2Fzn4tx/view?usp=sharing', '2023-09-08');

INSERT INTO poins (id_acara, nama_acara, tipe_acara, jml_poin, poin_added_date)
VALUES
    ('MB0001', 'PESERTA UKM BADMINTON GASAL 2022/2023', 0, 200, '2022-08-01'),
    ('MB0002', 'PESERTA UKM BADMINTON GENAP 2022/2023', 0, 200, '2023-02-01'),
    ('MB0003', 'ANGGOTA END ACADEMIC CAMP 2023', 0, 130, '2023-07-29'),
    ('PN0001', 'PESERTA 17 AGUSTUS 2022', 1, 50, '2022-08-17'),
    ('PN0002', 'PESERTA WORKSHOP INTRODUCTION TO AMAZON ALEXA SKILL AND AWS JAM 2022', 1, 50, '2022-08-22'),
    ('PN0003', 'PESERTA WELCOME PARTY INFORMATIKA 2022', 1, 63, '2022-09-22'),
    ('PN0004', 'PESERTA SEMINAR ANTI SEXUAL ABUSE 2022', 1, 50, '2022-10-03'),
    ('PN0005', 'PESERTA WEBINAR KEWIRAUSAHAAN 2022', 1, 50, '2022-10-15'),
    ('PN0006', 'PESERTA WORKSHOP INVESTASI 2022', 1, 50, '2022-10-24'),
    ('PN0007', 'PESERTA OPEN TALK INFORMATIKA GASAL 2022', 1, 50, '2022-12-09'),
    ('PN0008', 'PESERTA SEMINAR AI 2023', 1, 50, '2023-04-13'),
    ('PN0009', 'PESERTA GDSC WORKSHOP NOTIFY YOUR USERS IN FLUTTER 2023', 1, 50, '2023-04-28'),
    ('PN0010', 'SEKRETARIS OPEN TALK INFORMATIKA GENAP 2022', 1, 130, '2023-05-31'),
    ('OG0001', 'PESERTA FRESHMAN SUMMIT 2022', 2, 100, '2022-08-03'),
    ('OG0002', 'ANGGOTA PENGENALAN STUDI INFORMATIKA (PSI) 2023', 2, 195, '2023-08-11'),
    ('KR0001', 'PESERTA UKK KRISTEN PD STTS 2021/2022', 3, 26, '2022-02-01'),
    ('KR0002', 'PESERTA WELCOME PARTY PERSEKUTUAN DOA ISTTS 2022', 3, 62, '2022-09-16'),
    ('KR0003', 'PESERTA RETRET PERSEKUTUAN DOA ISTTS 2022', 3, 100,'2022-12-02');


INSERT INTO matkul_diambil_mhs (id_matkul_diambil_mhs, id_matkul, id_user)
VALUES
    ('1MTKINF001', 79, 'MHSINF0001'),
    ('1MTKINF002', 80, 'MHSINF0001'),
    ('1MTKINF003', 81, 'MHSINF0001'),
    ('1MTKINF004', 82, 'MHSINF0001'),
    ('1MTKINF005', 83, 'MHSINF0001'),
    ('1MTKINF006', 84, 'MHSINF0001'),
    ('1MTKINF007', 85, 'MHSINF0001'),
    ('1MTKINF008', 86, 'MHSINF0001'),
    ('1MTKINF009', 87, 'MHSINF0001'),
    ('1MTKINF010', 88, 'MHSINF0001'),
    ('1MTKINF011', 89, 'MHSINF0001'),
    ('1MTKINF012', 90, 'MHSINF0001'),
    ('1MTKINF013', 91, 'MHSINF0001'),
    ('1MTKINF014', 92, 'MHSINF0001'),
    ('1MTKINF015', 93, 'MHSINF0001'),
    ('1MTKINF016', 94, 'MHSINF0001'),
    ('1MTKINF017', 95, 'MHSINF0001'),
    ('1MTKINF018', 96, 'MHSINF0001'),
    ('1MTKINF019', 97, 'MHSINF0001'),
    ('1MTKINF020', 104, 'MHSINF0001'),
    ('2MTKINF001', 79, 'MHSINF0002'),
    ('2MTKINF002', 80, 'MHSINF0002'),
    ('2MTKINF003', 81, 'MHSINF0002'),
    ('2MTKINF004', 82, 'MHSINF0002'),
    ('2MTKINF005', 83, 'MHSINF0002'),
    ('2MTKINF006', 84, 'MHSINF0002'),
    ('2MTKINF007', 85, 'MHSINF0002'),
    ('2MTKINF008', 86, 'MHSINF0002'),
    ('2MTKINF009', 87, 'MHSINF0002'),
    ('2MTKINF010', 88, 'MHSINF0002'),
    ('2MTKINF011', 89, 'MHSINF0002'),
    ('2MTKINF012', 90, 'MHSINF0002'),
    ('2MTKINF013', 91, 'MHSINF0002'),
    ('2MTKINF014', 92, 'MHSINF0002'),
    ('2MTKINF015', 93, 'MHSINF0002'),
    ('2MTKINF016', 94, 'MHSINF0002'),
    ('2MTKINF017', 95, 'MHSINF0002'),
    ('2MTKINF018', 96, 'MHSINF0002'),
    ('2MTKINF019', 97, 'MHSINF0002'),
    ('3MTKINF001', 79, 'MHSINF0003'),
    ('3MTKINF002', 80, 'MHSINF0003'),
    ('3MTKINF003', 81, 'MHSINF0003'),
    ('3MTKINF004', 82, 'MHSINF0003'),
    ('3MTKINF005', 83, 'MHSINF0003'),
    ('3MTKINF006', 84, 'MHSINF0003'),
    ('3MTKINF007', 85, 'MHSINF0003'),
    ('3MTKINF008', 86, 'MHSINF0003'),
    ('3MTKINF009', 87, 'MHSINF0003'),
    ('3MTKINF010', 88, 'MHSINF0003'),
    ('3MTKINF011', 89, 'MHSINF0003'),
    ('3MTKINF012', 90, 'MHSINF0003'),
    ('3MTKINF013', 91, 'MHSINF0003'),
    ('3MTKINF014', 92, 'MHSINF0003'),
    ('3MTKINF015', 93, 'MHSINF0003'),
    ('3MTKINF016', 94, 'MHSINF0003'),
    ('3MTKINF017', 95, 'MHSINF0003'),
    ('3MTKINF018', 96, 'MHSINF0003'),
    ('3MTKINF019', 97, 'MHSINF0003'),
    ('3MTKINF020', 106, 'MHSINF0003'),
    ('4MTKINF001', 79, 'MHSINF0004'),
    ('4MTKINF002', 80, 'MHSINF0004'),
    ('4MTKINF003', 81, 'MHSINF0004'),
    ('4MTKINF004', 82, 'MHSINF0004'),
    ('4MTKINF005', 83, 'MHSINF0004'),
    ('4MTKINF006', 84, 'MHSINF0004'),
    ('4MTKINF007', 85, 'MHSINF0004'),
    ('4MTKINF008', 86, 'MHSINF0004'),
    ('4MTKINF009', 87, 'MHSINF0004'),
    ('4MTKINF010', 88, 'MHSINF0004'),
    ('4MTKINF011', 89, 'MHSINF0004'),
    ('4MTKINF012', 90, 'MHSINF0004'),
    ('4MTKINF013', 91, 'MHSINF0004'),
    ('4MTKINF014', 92, 'MHSINF0004'),
    ('4MTKINF015', 93, 'MHSINF0004'),
    ('4MTKINF016', 94, 'MHSINF0004'),
    ('4MTKINF017', 95, 'MHSINF0004'),
    ('4MTKINF018', 96, 'MHSINF0004'),
    ('4MTKINF019', 97, 'MHSINF0004'),
    ('4MTKINF020', 104, 'MHSINF0004'),
    ('4MTKINF021', 106, 'MHSINF0004'),
    ('1MHSDKV001', 1, 'MHSDKV0001'),
    ('1MHSDKV002', 2, 'MHSDKV0001'),
    ('1MHSDKV003', 3, 'MHSDKV0001'),
    ('1MHSDKV004', 4, 'MHSDKV0001'),
    ('1MHSDKV005', 5, 'MHSDKV0001'),
    ('1MHSDKV006', 6, 'MHSDKV0001'),
    ('1MHSDKV007', 7, 'MHSDKV0001'),
    ('1MHSDKV008', 8, 'MHSDKV0001'),
    ('1MHSSIB001', 41, 'MHSSIB0001'),
    ('1MHSSIB002', 42, 'MHSSIB0001'),
    ('1MHSSIB003', 43, 'MHSSIB0001'),
    ('1MHSSIB004', 44, 'MHSSIB0001'),
    ('1MHSSIB005', 45, 'MHSSIB0001'),
    ('1MHSSIB006', 46, 'MHSSIB0001'),
    ('1MHSSIB007', 47, 'MHSSIB0001'),
    ('1MHSSIB008', 48, 'MHSSIB0001'),
    ('1MHSSIB009', 49, 'MHSSIB0001'),
    ('1MHSSIB010', 50, 'MHSSIB0001'),
    ('1MHSSIB011', 51, 'MHSSIB0001'),
    ('1MHSSIB012', 52, 'MHSSIB0001'),
    ('1MHSSIB013', 53, 'MHSSIB0001'),
    ('1MHSSIB014', 54, 'MHSSIB0001'),
    ('1MHSSIB015', 55, 'MHSSIB0001'),
    ('1MHSSIB016', 56, 'MHSSIB0001'),
    ('1MHSSIB017', 57, 'MHSSIB0001'),
    ('1MHSSIB018', 58, 'MHSSIB0001'),
    ('1MHSSIB019', 59, 'MHSSIB0001'),
    ('1MHSSIB020', 60, 'MHSSIB0001'),
    ('1MHSSIB021', 61, 'MHSSIB0001'),
    ('1MHSSIB022', 62, 'MHSSIB0001'),
    ('1MHSSIB023', 63, 'MHSSIB0001'),
    ('1MHSSIB024', 64, 'MHSSIB0001'),
    ('1MHSSIB025', 65, 'MHSSIB0001'),
    ('1MHSSIB026', 66, 'MHSSIB0001'),
    ('1MHSSIB027', 67, 'MHSSIB0001'),
    ('1MHSSIB028', 68, 'MHSSIB0001'),
    ('1MHSSIB029', 69, 'MHSSIB0001'),
    ('1MHSSIB030', 70, 'MHSSIB0001'),
    ('1MHSSIB031', 71, 'MHSSIB0001'),
    ('1MHSSIB032', 72, 'MHSSIB0001');

INSERT INTO matkul_diambil_dosen (id_matkul_diambil_dsn, id_matkul, id_user)
VALUES
    ('1DSNINF001', 79, 'DSNINF0017'),
    ('1DSNINF002', 80, 'DSNINF0002'),
    ('1DSNINF003', 81, 'DSNINF0020'),
    ('1DSNINF004', 82, 'DSNINF0012'),
    ('1DSNINF005', 83, 'DSNINF0011'),
    ('1DSNINF006', 84, 'DSNINF0014'),
    ('2DSNINF001', 85, 'DSNINF0006'),
    ('2DSNINF002', 86, 'DSNINF0004'),
    ('2DSNINF003', 87, 'DSNINF0017'),
    ('2DSNINF004', 88, 'DSNINF0019'),
    ('2DSNINF005', 89, 'DSNINF0013'),
    ('2DSNINF006', 90, 'DSNINF0014'),
    ('3DSNINF001', 91, 'DSNINF0004'),
    ('3DSNINF002', 92, 'DSNINF0004'),
    ('3DSNINF003', 93, 'DSNINF0015'),
    ('3DSNINF004', 94, 'DSNINF0008'),
    ('3DSNINF005', 95, 'DSNINF0020'),
    ('3DSNINF006', 96, 'DSNINF0014'),
    ('3DSNINF007', 97, 'DSNINF0016'),
    ('4DSNINF001', 104, 'DSNINF0008'),
    ('5DSNINF001', 106, 'DSNINF0001'),
    ('1DSNDKV001', 1, 'DSNDKV0001'),
    ('1DSNDKV002', 2, 'DSNDKV0002'),
    ('1DSNDKV003', 3, 'DSNDKV0003'),
    ('1DSNDKV004', 4, 'DSNDKV0004'),
    ('1DSNDKV005', 5, 'DSNDKV0005'),
    ('1DSNDKV006', 6, 'DSNDKV0006'),
    ('1DSNDKV007', 7, 'DSNDKV0007'),
    ('1DSNDKV008', 8, 'DSNDKV0008'),
    ('1DSNSIB001', 41, 'DSNSIB0001'),
    ('1DSNSIB002', 42, 'DSNSIB0002'),
    ('1DSNSIB003', 43, 'DSNSIB0003'),
    ('1DSNSIB004', 44, 'DSNSIB0004'),
    ('1DSNSIB005', 45, 'DSNSIB0005'),
    ('1DSNSIB006', 46, 'DSNSIB0006'),
    ('2DSNSIB001', 47, 'DSNSIB0007'),
    ('2DSNSIB002', 48, 'DSNSIB0008'),
    ('2DSNSIB003', 49, 'DSNSIB0009'),
    ('2DSNSIB004', 50, 'DSNSIB0001'),
    ('2DSNSIB005', 51, 'DSNSIB0002'),
    ('2DSNSIB006', 52, 'DSNSIB0003'),
    ('3DSNSIB001', 53, 'DSNSIB0004'),
    ('3DSNSIB002', 54, 'DSNSIB0005'),
    ('3DSNSIB003', 55, 'DSNSIB0006'),
    ('3DSNSIB004', 56, 'DSNSIB0007'),
    ('3DSNSIB005', 57, 'DSNSIB0008'),
    ('3DSNSIB006', 58, 'DSNSIB0009'),
    ('3DSNSIB007', 59, 'DSNSIB0001'),
    ('4DSNSIB001', 60, 'DSNSIB0002'),
    ('4DSNSIB002', 61, 'DSNSIB0003'),
    ('4DSNSIB003', 62, 'DSNSIB0004'),
    ('4DSNSIB004', 63, 'DSNSIB0005'),
    ('4DSNSIB005', 64, 'DSNSIB0006'),
    ('4DSNSIB006', 65, 'DSNSIB0007'),
    ('4DSNSIB007', 66, 'DSNSIB0008'),
    ('5DSNSIB001', 67, 'DSNSIB0009'),
    ('5DSNSIB002', 68, 'DSNSIB0001'),
    ('5DSNSIB003', 69, 'DSNSIB0002'),
    ('5DSNSIB004', 70, 'DSNSIB0003'),
    ('5DSNSIB005', 71, 'DSNSIB0004'),
    ('5DSNSIB006', 72, 'DSNSIB0005');

INSERT INTO nilai (id_nilai, id_user, id_matkul, nilai_uts, nilai_uas, nilai_akhir)
VALUES
    ('NILAIINF01', 'MHSINF0001', 79, 80, 59, 69),
    ('NILAIINF02', 'MHSINF0001', 80, 98, 91, 94),
    ('NILAIINF03', 'MHSINF0001', 81, 97, 88, 92),
    ('NILAIINF04', 'MHSINF0001', 82, 75, 88, 81),
    ('NILAIINF05', 'MHSINF0001', 83, 95, 91, 93),
    ('NILAIINF06', 'MHSINF0001', 84, 83, 96, 89),
    ('NILAIINF07', 'MHSINF0001', 85, 73, 55, 64),
    ('NILAIINF08', 'MHSINF0001', 86, 62, 61, 61),
    ('NILAIINF09', 'MHSINF0001', 87, 64, 72, 68),
    ('NILAIINF10', 'MHSINF0001', 88, 77, 65, 71),
    ('NILAIINF11', 'MHSINF0001', 89, 64, 76, 70),
    ('NILAIINF12', 'MHSINF0001', 90, 88, 94, 91),
    ('NILAIINF13', 'MHSINF0001', 91, 71, 95, 83),
    ('NILAIINF14', 'MHSINF0001', 92, 76, 74, 75),
    ('NILAIINF15', 'MHSINF0001', 93, 67, 87, 77),
    ('NILAIINF16', 'MHSINF0001', 94, 80, 84, 82),
    ('NILAIINF17', 'MHSINF0001', 95, 98, 60, 79),
    ('NILAIINF18', 'MHSINF0001', 96, 66, 96, 81),
    ('NILAIINF19', 'MHSINF0001', 97, 75, 67, 71),
    ('NILAIINF20', 'MHSINF0001', 104, 92, 95, 93),
    ('NILAIINF21', 'MHSINF0002', 79, 87, 74, 80),
    ('NILAIINF22', 'MHSINF0002', 80, 63, 72, 67),
    ('NILAIINF23', 'MHSINF0002', 81, 68, 72, 70),
    ('NILAIINF24', 'MHSINF0002', 82, 56, 68, 62),
    ('NILAIINF25', 'MHSINF0002', 83, 92, 72, 82),
    ('NILAIINF26', 'MHSINF0002', 84, 79, 87, 83),
    ('NILAIINF27', 'MHSINF0002', 85, 92, 60, 76),
    ('NILAIINF28', 'MHSINF0002', 86, 57, 92, 74),
    ('NILAIINF29', 'MHSINF0002', 87, 64, 74, 69),
    ('NILAIINF30', 'MHSINF0002', 88, 56, 88, 72),
    ('NILAIINF31', 'MHSINF0002', 89, 93, 57, 75),
    ('NILAIINF32', 'MHSINF0002', 90, 73, 70, 71),
    ('NILAIINF33', 'MHSINF0002', 91, 96, 94, 95),
    ('NILAIINF34', 'MHSINF0002', 92, 99, 67, 83),
    ('NILAIINF35', 'MHSINF0002', 93, 86, 88, 87),
    ('NILAIINF36', 'MHSINF0002', 94, 80, 68, 74),
    ('NILAIINF37', 'MHSINF0002', 95, 74, 95, 84),
    ('NILAIINF38', 'MHSINF0002', 96, 57, 86, 71),
    ('NILAIINF39', 'MHSINF0002', 97, 82, 93, 87),
    ('NILAIINF40', 'MHSINF0003', 79, 84, 84, 84),
    ('NILAIINF41', 'MHSINF0003', 80, 62, 65, 63),
    ('NILAIINF42', 'MHSINF0003', 81, 87, 61, 74),
    ('NILAIINF43', 'MHSINF0003', 82, 90, 92, 91),
    ('NILAIINF44', 'MHSINF0003', 83, 98, 99, 98),
    ('NILAIINF45', 'MHSINF0003', 84, 82, 63, 72),
    ('NILAIINF46', 'MHSINF0003', 85, 99, 62, 80),
    ('NILAIINF47', 'MHSINF0003', 86, 72, 66, 69),
    ('NILAIINF48', 'MHSINF0003', 87, 69, 79, 74),
    ('NILAIINF49', 'MHSINF0003', 88, 81, 85, 83),
    ('NILAIINF50', 'MHSINF0003', 89, 57, 82, 69),
    ('NILAIINF51', 'MHSINF0003', 90, 82, 69, 75),
    ('NILAIINF52', 'MHSINF0003', 91, 81, 58, 69),
    ('NILAIINF53', 'MHSINF0003', 92, 59, 80, 69),
    ('NILAIINF54', 'MHSINF0003', 93, 66, 55, 60),
    ('NILAIINF55', 'MHSINF0003', 94, 94, 95, 94),
    ('NILAIINF56', 'MHSINF0003', 95, 66, 59, 62),
    ('NILAIINF57', 'MHSINF0003', 96, 95, 59, 77),
    ('NILAIINF58', 'MHSINF0003', 97, 69, 71, 70),
    ('NILAIINF59', 'MHSINF0003', 106, 67, 92, 79),
    ('NILAIINF60', 'MHSINF0004', 79, 58, 99, 78),
    ('NILAIINF61', 'MHSINF0004', 80, 98, 90, 94),
    ('NILAIINF62', 'MHSINF0004', 81, 82, 67, 74),
    ('NILAIINF63', 'MHSINF0004', 82, 85, 73, 79),
    ('NILAIINF64', 'MHSINF0004', 83, 76, 72, 74),
    ('NILAIINF65', 'MHSINF0004', 84, 63, 70, 66),
    ('NILAIINF66', 'MHSINF0004', 85, 82, 89, 85),
    ('NILAIINF67', 'MHSINF0004', 86, 92, 61, 76),
    ('NILAIINF68', 'MHSINF0004', 87, 91, 93, 92),
    ('NILAIINF69', 'MHSINF0004', 88, 78, 55, 66),
    ('NILAIINF70', 'MHSINF0004', 89, 79, 86, 82),
    ('NILAIINF71', 'MHSINF0004', 90, 86, 74, 80),
    ('NILAIINF72', 'MHSINF0004', 91, 93, 84, 88),
    ('NILAIINF73', 'MHSINF0004', 92, 78, 85, 81),
    ('NILAIINF74', 'MHSINF0004', 93, 95, 59, 77),
    ('NILAIINF75', 'MHSINF0004', 94, 77, 95, 86),
    ('NILAIINF76', 'MHSINF0004', 95, 78, 82, 80),
    ('NILAIINF77', 'MHSINF0004', 96, 70, 69, 69),
    ('NILAIINF78', 'MHSINF0004', 97, 77, 99, 88),
    ('NILAIINF79', 'MHSINF0004', 104, 73, 75, 74),
    ('NILAIINF80', 'MHSINF0004', 106, 68, 69, 68),
    ('NILAIDKV01', 'MHSDKV0001', 1, 64, 76, 70),
    ('NILAIDKV02', 'MHSDKV0001', 2, 98, 82, 90),
    ('NILAIDKV03', 'MHSDKV0001', 3, 84, 95, 89),
    ('NILAIDKV04', 'MHSDKV0001', 4, 82, 67, 74),
    ('NILAIDKV05', 'MHSDKV0001', 5, 96, 95, 95),
    ('NILAIDKV06', 'MHSDKV0001', 6, 98, 91, 94),
    ('NILAIDKV07', 'MHSDKV0001', 7, 89, 64, 76),
    ('NILAIDKV08', 'MHSDKV0001', 8, 59, 63, 61),
    ('NILAISIB01', 'MHSSIB0001', 41, 62, 73, 67),
    ('NILAISIB02', 'MHSSIB0001', 42, 62, 80, 71),
    ('NILAISIB03', 'MHSSIB0001', 43, 55, 96, 75),
    ('NILAISIB04', 'MHSSIB0001', 44, 98, 64, 81),
    ('NILAISIB05', 'MHSSIB0001', 45, 82, 94, 88),
    ('NILAISIB06', 'MHSSIB0001', 46, 86, 57, 71),
    ('NILAISIB07', 'MHSSIB0001', 47, 71, 98, 84),
    ('NILAISIB08', 'MHSSIB0001', 48, 96, 92, 94),
    ('NILAISIB09', 'MHSSIB0001', 49, 81, 71, 76),
    ('NILAISIB10', 'MHSSIB0001', 50, 94, 99, 96),
    ('NILAISIB11', 'MHSSIB0001', 51, 71, 81, 76),
    ('NILAISIB12', 'MHSSIB0001', 52, 74, 72, 73),
    ('NILAISIB13', 'MHSSIB0001', 53, 85, 84, 84),
    ('NILAISIB14', 'MHSSIB0001', 54, 86, 98, 92),
    ('NILAISIB15', 'MHSSIB0001', 55, 64, 84, 74),
    ('NILAISIB16', 'MHSSIB0001', 56, 66, 85, 75),
    ('NILAISIB17', 'MHSSIB0001', 57, 93, 76, 84),
    ('NILAISIB18', 'MHSSIB0001', 58, 67, 63, 65),
    ('NILAISIB19', 'MHSSIB0001', 59, 78, 67, 72),
    ('NILAISIB20', 'MHSSIB0001', 60, 69, 99, 84),
    ('NILAISIB21', 'MHSSIB0001', 61, 73, 81, 77),
    ('NILAISIB22', 'MHSSIB0001', 62, 87, 70, 78),
    ('NILAISIB23', 'MHSSIB0001', 63, 73, 79, 76),
    ('NILAISIB24', 'MHSSIB0001', 64, 55, 82, 68),
    ('NILAISIB25', 'MHSSIB0001', 65, 67, 65, 66),
    ('NILAISIB26', 'MHSSIB0001', 66, 58, 60, 59),
    ('NILAISIB27', 'MHSSIB0001', 67, 89, 59, 74),
    ('NILAISIB28', 'MHSSIB0001', 68, 98, 71, 84),
    ('NILAISIB29', 'MHSSIB0001', 69, 91, 56, 73),
    ('NILAISIB30', 'MHSSIB0001', 70, 90, 87, 88),
    ('NILAISIB31', 'MHSSIB0001', 71, 70, 69, 69),
    ('NILAISIB32', 'MHSSIB0001', 72, 88, 62, 75);

INSERT INTO file (id_file, nama_file, isi_file)
VALUES
    ('FL001', '[BAA] Pedoman dan Template TA/Tesis', 'https://drive.google.com/file/d/1uupmTWtdwxB4ZqNYVINV9q8eZDg9hAFP/view'),
    ('FL002', '[BAA] Kalender Akademik Semester Gasal 2023-2024 (Kelas Program Profesional)', 'https://sim.istts.ac.id/filepenting/174/[BAA]-Kalender-Akademik-Semester-Gasal-2023-2024-(Kelas-Program-Profesional)'),
    ('FL003', '[BAA] Kalender Akademik Semester Gasal 2023-2024 (Kelas Reguler, Internasional, dan S2)', 'https://sim.istts.ac.id/filepenting/173/[BAA]-Kalender-Akademik-Semester-Gasal-2023-2024-(Kelas-Reguler,-Internasional,-dan-S2)'),
    ('FL004', '[BAA] Slide Panduan Akademik 2023 [D3, S1, dan S2]', 'https://youtu.be/dQw4w9WgXcQ?si=Emix_YOlUkl8pMRj'),
    ('FL005', '[BAA] Formulir Bidang Akademik ISTTS (Perwalian, Cuti, TA/Tesis, KP)', 'https://drive.google.com/drive/folders/1jMBoCrMYt9f3p9DsAbzxLbvGsQy8xXNU?usp=sharing'),
    ('FL006', '[BAA] Kalender Tugas Akhir/Tesis Gasal 2023/2024', 'https://sim.istts.ac.id/filepenting/168/[BAA]-Kalender-Tugas-Akhir-Tesis-Gasal-2023-2024'),
    ('FL007', '[BAA] Pedoman Penulisan Karya Ilmiah Edisi 5-2019', 'https://sim.istts.ac.id/filepenting/165/[BAA]-Pedoman-Penulisan-Karya-Ilmiah-Edisi-5-2019'),
    ('FL008', 'Tata Tertib ECC', 'https://sim.istts.ac.id/filepenting/161/Tata-Tertib-ECC'),
    ('FL009', '[BAK] Prosedur Kerja Praktek 2022', 'https://youtu.be/dQw4w9WgXcQ?si=Emix_YOlUkl8pMRj'),
    ('FL010', '[PM] Template LPJ Pengabdian kepada Masyarakat (Bagi Mahasiswa)', 'https://youtu.be/dQw4w9WgXcQ?si=Emix_YOlUkl8pMRj');
 
INSERT INTO penerima_poin (id_pp, id_penerima, id_acara)
VALUES
    ('PP001', 'MHSINF0001', 'MB0001'),
    ('PP002', 'MHSINF0001', 'MB0002'),
    ('PP003', 'MHSINF0001', 'PN0001'),
    ('PP004', 'MHSINF0001', 'PN0003'),
    ('PP005', 'MHSINF0001', 'OG0001'),
    ('PP007', 'MHSINF0001', 'KR0001'),
    ('PP008', 'MHSINF0001', 'KR0002'),
    ('PP009', 'MHSINF0002', 'MB0002'),
    ('PP010', 'MHSINF0002', 'PN0001'),
    ('PP011', 'MHSINF0002', 'PN0003'),
    ('PP012', 'MHSINF0002', 'PN0009'),
    ('PP013', 'MHSINF0002', 'OG0001'),
    ('PP014', 'MHSINF0002', 'OG0002'),
    ('PP015', 'MHSINF0002', 'KR0003'),
    ('PP016', 'MHSINF0003', 'MB0001'),
    ('PP017', 'MHSINF0003', 'MB0002'),
    ('PP018', 'MHSINF0003', 'MB0003'),
    ('PP019', 'MHSINF0003', 'PN0001'),
    ('PP020', 'MHSINF0003', 'PN0003'),
    ('PP021', 'MHSINF0003', 'PN0005'),
    ('PP022', 'MHSINF0003', 'PN0007'),
    ('PP023', 'MHSINF0003', 'PN0008'),
    ('PP024', 'MHSINF0003', 'PN0009'),
    ('PP025', 'MHSINF0003', 'OG0001'),
    ('PP026', 'MHSINF0003', 'OG0002'),
    ('PP027', 'MHSINF0003', 'KR0001'),
    ('PP028', 'MHSINF0003', 'KR0002'),
    ('PP029', 'MHSINF0003', 'KR0003'),
    ('PP030', 'MHSINF0004', 'MB0001'),
    ('PP031', 'MHSINF0004', 'MB0002'),
    ('PP032', 'MHSINF0004', 'MB0003'),
    ('PP033', 'MHSINF0004', 'PN0001'),
    ('PP034', 'MHSINF0004', 'PN0002'),
    ('PP035', 'MHSINF0004', 'PN0003'),
    ('PP036', 'MHSINF0004', 'PN0004'),
    ('PP037', 'MHSINF0004', 'PN0007'),
    ('PP038', 'MHSINF0004', 'PN0008'),
    ('PP039', 'MHSINF0004', 'PN0009'),
    ('PP040', 'MHSINF0004', 'PN0010'),
    ('PP041', 'MHSINF0004', 'OG0001'),
    ('PP042', 'MHSINF0004', 'OG0002'),
    ('PP043', 'MHSINF0004', 'KR0001'),
    ('PP044', 'MHSINF0004', 'KR0002'),
    ('PP045', 'MHSINF0004', 'KR0003'),
    ('PP046', 'MHSDKV0001', 'MB0001'),
    ('PP047', 'MHSDKV0001', 'MB0003'),
    ('PP048', 'MHSDKV0001', 'PN0001'),
    ('PP049', 'MHSDKV0001', 'PN0004'),
    ('PP050', 'MHSDKV0001', 'OG0001'),
    ('PP051', 'MHSSIB0001', 'MB0002'),
    ('PP052', 'MHSSIB0001', 'MB0003'),
    ('PP053', 'MHSSIB0001', 'PN0001'),
    ('PP054', 'MHSSIB0001', 'PN0002'),
    ('PP055', 'MHSSIB0001', 'PN0005'),
    ('PP056', 'MHSSIB0001', 'PN0006'),
    ('PP057', 'MHSSIB0001', 'OG0001');